{
    "ACC": 0.5637583892617449,
    "TNR": 0.2639821029082774,
    "TPR": 0.8635346756152126,
    "Harmonic Mean": 0.40435353858172646
}